{
    "From": {
        "J": {
            "cal": 0.239006,
            "kcal": 0.000239006,
            "BTU": 0.000947817,
            "ft-lb": 0.737562,
            "kWh": 2.7778e-7,
            "eV": 6.242e18,
            "thm": 9.4804e-9
        },
        "cal": {
            "J": 4.184,
            "kcal": 0.001,
            "BTU": 0.00396567,
            "ft-lb": 3.086,
            "kWh": 1.16279e-6,
            "eV": 2.6132e19,
            "thm": 3.96567e-9
        },
        "kcal": {
            "J": 4184,
            "cal": 1000,
            "BTU": 3.96567,
            "ft-lb": 3086,
            "kWh": 0.00116279,
            "eV": 2.6132e22,
            "thm": 3.96567e-6
        },
        "BTU": {
            "J": 1055.06,
            "cal": 252.164,
            "kcal": 0.252164,
            "ft-lb": 778.169,
            "kWh": 0.000293071,
            "eV": 6.5851e21,
            "thm": 1e-5
        },
        "ft-lb": {
            "J": 1.35582,
            "cal": 0.324048,
            "kcal": 0.000324048,
            "BTU": 0.00128507,
            "kWh": 3.76616e-7,
            "eV": 8.462e18,
            "thm": 1.2851e-9
        },
        "kWh": {
            "J": 3.6e6,
            "cal": 860421,
            "kcal": 860.421,
            "BTU": 3412.14,
            "ft-lb": 2.6552e6,
            "eV": 2.24694e22,
            "thm": 0.0341296
        },
        "eV": {
            "J": 1.60218e-19,
            "cal": 3.8293e-20,
            "kcal": 3.8293e-23,
            "BTU": 1.5186e-22,
            "ft-lb": 1.1817e-19,
            "kWh": 4.4505e-26,
            "thm": 1.5186e-27
        },
        "thm": {
            "J": 1.05506e8,
            "cal": 2.521e7,
            "kcal": 25210,
            "BTU": 1e5,
            "ft-lb": 7.7817e7,
            "kWh": 29.3071,
            "eV": 6.5851e26
        }
    }
}
