{
    "From": {
        "Inch": {
            "Foot": 0.08333,
            "Yard": 0.02778,
            "Mile": 0.00001578,
            "Nautical Mile": 0.00001372,
            "Millimeter": 25.4,
            "Centimeter": 2.54,
            "Meter": 0.0254,
            "Kilometer": 0.0000254
        },
        "Foot": {
            "Inch": 12,
            "Yard": 0.33333,
            "Mile": 0.00018939,
            "Nautical Mile": 0.00016458,
            "Millimeter": 304.8,
            "Centimeter": 30.48,
            "Meter": 0.3048,
            "Kilometer": 0.0003048
        },
        "Yard": {
            "Inch": 36,
            "Foot": 3,
            "Mile": 0.00056818,
            "Nautical Mile": 0.00049374,
            "Millimeter": 914.4,
            "Centimeter": 91.44,
            "Meter": 0.9144,
            "Kilometer": 0.0009144
        },
        "Mile": {
            "Inch": 63360,
            "Foot": 5280,
            "Yard": 1760,
            "Nautical Mile": 0.86898,
            "Millimeter": 1609344,
            "Centimeter": 160934.4,
            "Meter": 1609.344,
            "Kilometer": 1.60934
        },
        "Nautical Mile": {
            "Inch": 72913.4,
            "Foot": 6076.12,
            "Yard": 2025.37,
            "Mile": 1.15078,
            "Millimeter": 1852000,
            "Centimeter": 185200,
            "Meter": 1852,
            "Kilometer": 1.852
        },
        "Millimeter": {
            "Centimeter": 0.1,
            "Meter": 0.001,
            "Kilometer": 0.000001,
            "Inch": 0.03937,
            "Foot": 0.00328,
            "Yard": 0.00109,
            "Mile": 0.00000062137,
            "Nautical Mile": 0.00000053996
        },
        "Centimeter": {
            "Millimeter": 10,
            "Meter": 0.01,
            "Kilometer": 0.00001,
            "Inch": 0.3937,
            "Foot": 0.03281,
            "Yard": 0.01094,
            "Mile": 0.0000062137,
            "Nautical Mile": 0.0000053996
        },
        "Meter": {
            "Millimeter": 1000,
            "Centimeter": 100,
            "Kilometer": 0.001,
            "Inch": 39.3701,
            "Foot": 3.28084,
            "Yard": 1.09361,
            "Mile": 0.00062137,
            "Nautical Mile": 0.00053996
        },
        "Kilometer": {
            "Millimeter": 1000000,
            "Centimeter": 100000,
            "Meter": 1000,
            "Inch": 39370.1,
            "Foot": 3280.84,
            "Yard": 1093.61,
            "Mile": 0.62137,
            "Nautical Mile": 0.53996
        }
    }
}
