{
    "From": {
        "Pa": {
            "kPa": 0.001,
            "MPa": 0.000001,
            "bar": 0.00001,
            "atm": 0.00000986923,
            "psi": 0.000145038,
            "torr": 0.00750062,
            "mbar": 0.01,
            "psf": 0.0208854
        },
        "kPa": {
            "Pa": 1000,
            "MPa": 0.001,
            "bar": 0.01,
            "atm": 0.00986923,
            "psi": 0.145038,
            "torr": 7.50062,
            "mbar": 10,
            "psf": 20.8854
        },
        "MPa": {
            "Pa": 1000000,
            "kPa": 1000,
            "bar": 10,
            "atm": 9.86923,
            "psi": 145.038,
            "torr": 7500.62,
            "mbar": 10000,
            "psf": 20885.4
        },
        "bar": {
            "Pa": 100000,
            "kPa": 100,
            "MPa": 0.1,
            "atm": 0.986923,
            "psi": 14.5038,
            "torr": 750.062,
            "mbar": 1000,
            "psf": 2088.54
        },
        "atm": {
            "Pa": 101325,
            "kPa": 101.325,
            "MPa": 0.101325,
            "bar": 1.01325,
            "psi": 14.6959,
            "torr": 760,
            "mbar": 1013.25,
            "psf": 2116.22
        },
        "psi": {
            "Pa": 6894.76,
            "kPa": 6.89476,
            "MPa": 0.00689476,
            "bar": 0.0689476,
            "atm": 0.06804596,
            "torr": 51.7149,
            "mbar": 68.9476,
            "psf": 144
        },
        "torr": {
            "Pa": 133.322,
            "kPa": 0.133322,
            "MPa": 0.000133322,
            "bar": 0.00133322,
            "atm": 0.00131579,
            "psi": 0.0193368,
            "mbar": 1.33322,
            "psf": 2.7845
        },
        "mbar": {
            "Pa": 100,
            "kPa": 0.1,
            "MPa": 0.0001,
            "bar": 0.001,
            "atm": 0.000986923,
            "psi": 0.0145038,
            "torr": 0.750062,
            "psf": 2.08854
        },
        "psf": {
            "Pa": 47.8803,
            "kPa": 0.0478803,
            "MPa": 0.0000478803,
            "bar": 0.000478803,
            "atm": 0.000472541,
            "psi": 0.00694444,
            "torr": 0.359131,
            "mbar": 0.478803
        }
    }
}
