{
    "From": {
        "m/s": {
            "km/h": 3.6,
            "kn": 1.94384,
            "mph": 2.23694,
            "ft/s": 3.28084
        },
        "km/h": {
            "m/s": 0.277778,
            "kn": 0.539957,
            "mph": 0.621371,
            "ft/s": 0.911344
        },
        "kn": {
            "m/s": 0.514444,
            "km/h": 1.852,
            "mph": 1.15078,
            "ft/s": 1.68781
        },
        "mph": {
            "ft/s": 1.46667,
            "kn": 0.868976,
            "m/s": 0.44704,
            "km/h": 1.60934
        },
        "ft/s": {
            "mph": 0.681818,
            "kn": 0.592484,
            "m/s": 0.3048,
            "km/h": 1.09728
        }
    }
}