{
    "From": {
        "Cubic Meter": {
            "Liter": 1000,
            "Milliliter": 1000000,
            "US Gallon": 264.172,
            "US Quart": 1056.688,
            "US Pint": 2113.376,
            "US Cup": 4226.752,
            "US Fluid Ounce": 33814,
            "US Tablespoon": 67628,
            "US Teaspoon": 202884.1,
            "Imperial Gallon": 219.969,
            "Imperial Quart": 879.877,
            "Imperial Pint": 1759.755,
            "Imperial Cup": 4408.841,
            "Imperial Fluid Ounce": 35195.08
        },
        "Liter": {
            "Cubic Meter": 0.001,
            "Milliliter": 1000,
            "US Gallon": 0.264172,
            "US Quart": 1.05669,
            "US Pint": 2.11338,
            "US Cup": 4.22675,
            "US Fluid Ounce": 33.814,
            "US Tablespoon": 67.628,
            "US Teaspoon": 202.884,
            "Imperial Gallon": 0.219969,
            "Imperial Quart": 0.879877,
            "Imperial Pint": 1.75975,
            "Imperial Cup": 4.40884,
            "Imperial Fluid Ounce": 35.1951
        },
        "Milliliter": {
            "Cubic Meter": 0.000001,
            "Liter": 0.001,
            "US Gallon": 0.000264172,
            "US Quart": 0.00105669,
            "US Pint": 0.00211338,
            "US Cup": 0.00422675,
            "US Fluid Ounce": 0.033814,
            "US Tablespoon": 0.067628,
            "US Teaspoon": 0.202884,
            "Imperial Gallon": 0.000219969,
            "Imperial Quart": 0.000879877,
            "Imperial Pint": 0.00175975,
            "Imperial Cup": 0.00440884,
            "Imperial Fluid Ounce": 0.0351951
        },
        "US Gallon": {
            "Cubic Inch": 231,
            "Cubic Foot": 0.133681,
            "Cubic Meter": 0.00378541,
            "Liter": 3.78541,
            "Milliliter": 3785.41,
            "US Quart": 4,
            "US Pint": 8,
            "US Cup": 16,
            "US Fluid Ounce": 128,
            "US Tablespoon": 256,
            "US Teaspoon": 768,
            "Imperial Gallon": 0.832674,
            "Imperial Quart": 3.3307,
            "Imperial Pint": 6.6614,
            "Imperial Cup": 13.3228,
            "Imperial Fluid Ounce": 133.228
        },
        "US Quart": {
            "Cubic Inch": 57.75,
            "Cubic Foot": 0.0334201,
            "Cubic Meter": 0.000946353,
            "Liter": 0.946353,
            "Milliliter": 946.353,
            "US Gallon": 0.25,
            "US Pint": 2,
            "US Cup": 4,
            "US Fluid Ounce": 32,
            "US Tablespoon": 64,
            "US Teaspoon": 192,
            "Imperial Quart": 0.832674,
            "Imperial Gallon": 0.208169,
            "Imperial Pint": 1.66535,
            "Imperial Cup": 3.3307,
            "Imperial Fluid Ounce": 33.307
        },
        "US Pint": {
            "Cubic Inch": 28.875,
            "Cubic Foot": 0.0167101,
            "Cubic Meter": 0.000473176,
            "Liter": 0.473176,
            "Milliliter": 473.176,
            "US Gallon": 0.125,
            "US Quart": 0.5,
            "US Cup": 2,
            "US Fluid Ounce": 16,
            "US Tablespoon": 32,
            "US Teaspoon": 96,
            "Imperial Pint": 0.832674,
            "Imperial Gallon": 0.104085,
            "Imperial Quart": 0.416337,
            "Imperial Cup": 1.66535,
            "Imperial Fluid Ounce": 16.6535
        },
        "US Cup": {
            "Cubic Inch": 14.4375,
            "Cubic Foot": 0.00835503,
            "Cubic Meter": 0.000236588,
            "Liter": 0.236588,
            "Milliliter": 236.588,
            "US Gallon": 0.0625,
            "US Quart": 0.25,
            "US Pint": 0.5,
            "US Fluid Ounce": 8,
            "US Tablespoon": 16,
            "US Teaspoon": 48,
            "Imperial Cup": 0.832674,
            "Imperial Gallon": 0.052042,
            "Imperial Quart": 0.208169,
            "Imperial Pint": 0.416337,
            "Imperial Fluid Ounce": 8.32674
        },
        "US Fluid Ounce": {
            "Cubic Inch": 1.80469,
            "Cubic Foot": 0.00104438,
            "Cubic Meter": 0.0000295735,
            "Liter": 0.0295735,
            "Milliliter": 29.5735,
            "US Gallon": 0.0078125,
            "US Quart": 0.03125,
            "US Pint": 0.0625,
            "US Cup": 0.125,
            "US Tablespoon": 2,
            "US Teaspoon": 6,
            "Imperial Fluid Ounce": 0.960759,
            "Imperial Gallon": 0.052042,
            "Imperial Quart": 0.208169,
            "Imperial Pint": 0.416337,
            "Imperial Cup": 0.832674
        },
        "US Tablespoon": {
            "Cubic Inch": 0.902344,
            "Cubic Foot": 0.000522194,
            "Cubic Meter": 0.0000147868,
            "Liter": 0.0147868,
            "Milliliter": 14.7868,
            "US Gallon": 0.00390625,
            "US Quart": 0.015625,
            "US Pint": 0.03125,
            "US Cup": 0.0625,
            "US Fluid Ounce": 0.5,
            "US Teaspoon": 3,
            "Imperial Fluid Ounce": 0.533243,
            "Imperial Gallon": 0.027021,
            "Imperial Quart": 0.108086,
            "Imperial Pint": 0.216171,
            "Imperial Cup": 0.432343
        },
        "US Teaspoon": {
            "Cubic Inch": 0.300781,
            "Cubic Foot": 0.000174065,
            "Cubic Meter": 0.00000492892,
            "Liter": 0.00492892,
            "Milliliter": 4.92892,
            "US Gallon": 0.00130208,
            "US Quart": 0.00520833,
            "US Pint": 0.0104167,
            "US Cup": 0.0208333,
            "US Fluid Ounce": 0.166667,
            "US Tablespoon": 0.333333,
            "Imperial Fluid Ounce": 0.160973,
            "Imperial Gallon": 0.008254,
            "Imperial Quart": 0.032174,
            "Imperial Pint": 0.064348,
            "Imperial Cup": 0.128696
        },
        "Imperial Gallon": {
            "Cubic Inch": 277.419,
            "Cubic Foot": 0.160544,
            "Cubic Meter": 0.00454609,
            "Liter": 4.54609,
            "Milliliter": 4546.09,
            "US Gallon": 1.20095,
            "US Quart": 4.8038,
            "US Pint": 9.6076,
            "US Cup": 19.2152,
            "US Fluid Ounce": 153.721,
            "US Tablespoon": 307.442,
            "US Teaspoon": 922.326
        },
        "Imperial Quart": {
            "Cubic Inch": 69.3549,
            "Cubic Foot": 0.040136,
            "Cubic Meter": 0.00113652,
            "Liter": 1.13652,
            "Milliliter": 1136.52,
            "US Quart": 1.20095,
            "US Gallon": 0.300237,
            "US Pint": 2.4019,
            "US Cup": 4.8038,
            "US Fluid Ounce": 38.4304,
            "US Tablespoon": 76.8608,
            "US Teaspoon": 230.582
        },
        "Imperial Pint": {
            "Cubic Inch": 34.6774,
            "Cubic Foot": 0.020068,
            "Cubic Meter": 0.000568261,
            "Liter": 0.568261,
            "Milliliter": 568.261,
            "US Pint": 1.20095,
            "US Gallon": 0.150119,
            "US Quart": 0.600475,
            "US Cup": 2.4019,
            "US Fluid Ounce": 19.2152,
            "US Tablespoon": 38.4304,
            "US Teaspoon": 115.291
        },
        "Imperial Cup": {
            "Cubic Inch": 17.3387,
            "Cubic Foot": 0.010034,
            "Cubic Meter": 0.000284131,
            "Liter": 0.284131,
            "Milliliter": 284.131,
            "US Cup": 1.20095,
            "US Gallon": 0.075059,
            "US Quart": 0.300237,
            "US Pint": 0.600475,
            "US Fluid Ounce": 9.6076,
            "US Tablespoon": 19.2152,
            "US Teaspoon": 57.6456
        },
        "Imperial Fluid Ounce": {
            "Cubic Inch": 1.73387,
            "Cubic Foot": 0.0010034,
            "Cubic Meter": 0.0000284131,
            "Liter": 0.0284131,
            "Milliliter": 28.4131,
            "US Fluid Ounce": 1.041,