{
    "From": {
        "m/s": {
            "km/h": 3.6,
            "mph": 2.237,
            "kt": 1.944
        },
        "km/h": {
            "m/s": 0.277778,
            "mph": 0.621371,
            "kt": 0.539957
        },
        "mph": {
            "m/s": 0.44704,
            "km/h": 1.60934,
            "kt": 0.868976
        },
        "kt": {
            "m/s": 0.514444,
            "km/h": 1.852,
            "mph": 1.15078
        }
    }
}
